<?xml version="1.0" encoding="UTF-8"?>
<project-private xmlns="http://www.netbeans.org/ns/project-private/1">
    <editor-bookmarks xmlns="http://www.netbeans.org/ns/editor-bookmarks/2" lastBookmarkId="0"/>
    <open-files xmlns="http://www.netbeans.org/ns/projectui-open-files/2">
        <group>
            <file>file:/C:/Users/Fernando/Documents/GitHub/IDS-6A/Compiladores%20e%20interpretes/Corte%201/Analizador/Interprete/src/interprete/Interprete.java</file>
            <file>file:/C:/Users/Fernando/Documents/GitHub/IDS-6A/Compiladores%20e%20interpretes/Corte%201/Analizador/Interprete/src/interprete/Analizador.java</file>
            <file>file:/C:/Users/Fernando/Documents/GitHub/IDS-6A/Compiladores%20e%20interpretes/Corte%201/Analizador/Interprete/src/interprete/FXMLEntradaController.java</file>
        </group>
    </open-files>
</project-private>
